curve_uid,mix_uid,paper_uid,test_uid,kind,tau0,mu,r2,n,xmin,xmax,tau_10,tau_50,tau_100
10.1016/j.cemconcomp.2012.01.008::M1::CV1,10.1016/j.cemconcomp.2012.01.008::M1,10.1016/j.cemconcomp.2012.01.008,10.1016/j.cemconcomp.2012.01.008::T1,shear_stress,115.49999999999986,0.42500000000000093,0.9383116883116884,7,5.0,100.0,90.0,140.0,155.0
10.1016/j.cemconcomp.2012.01.008::M2::CV1,10.1016/j.cemconcomp.2012.01.008::M2,10.1016/j.cemconcomp.2012.01.008,10.1016/j.cemconcomp.2012.01.008::T1,shear_stress,7.799999999999994,0.11000000000000006,0.9453125,6,10.0,100.0,6.0,14.0,18.0
10.1016/j.cemconcomp.2012.01.008::M5::CV1,10.1016/j.cemconcomp.2012.01.008::M5,10.1016/j.cemconcomp.2012.01.008,10.1016/j.cemconcomp.2012.01.008::T1,shear_stress,146.29999999999987,0.48500000000000143,0.9019363496932516,7,5.0,100.0,110.0,175.0,190.0
10.1016/j.cemconcomp.2012.01.008::M6::CV1,10.1016/j.cemconcomp.2012.01.008::M6,10.1016/j.cemconcomp.2012.01.008,10.1016/j.cemconcomp.2012.01.008::T1,shear_stress,8.599999999999996,0.15000000000000008,0.986842105263158,6,10.0,100.0,7.0,16.5,23.0
10.1016/j.cemconcomp.2012.01.008::M9::CV1,10.1016/j.cemconcomp.2012.01.008::M9,10.1016/j.cemconcomp.2012.01.008,10.1016/j.cemconcomp.2012.01.008::T1,shear_stress,131.39999999999992,0.480000000000001,0.9028213166144201,7,5.0,100.0,100.0,160.0,175.0
10.1016/j.cemconcomp.2012.01.008::M10::CV1,10.1016/j.cemconcomp.2012.01.008::M10,10.1016/j.cemconcomp.2012.01.008,10.1016/j.cemconcomp.2012.01.008::T1,shear_stress,7.599999999999988,0.10000000000000009,0.9708737864077669,6,10.0,100.0,6.0,13.0,17.0
10.1016/j.cemconcomp.2021.104158::M1::CV4,10.1016/j.cemconcomp.2021.104158::M1,10.1016/j.cemconcomp.2021.104158,10.1016/j.cemconcomp.2021.104158::T1,shear_stress,1.7500000000000089,1.24,1.0,5,20.0,100.0,,63.75,125.75
10.1016/j.cemconcomp.2021.104158::M2::CV4,10.1016/j.cemconcomp.2021.104158::M2,10.1016/j.cemconcomp.2021.104158,10.1016/j.cemconcomp.2021.104158::T1,shear_stress,35.850000000000044,2.1499999999999995,1.0,5,20.0,100.0,,143.35,250.85
10.1016/j.cemconcomp.2021.104158::M3::CV4,10.1016/j.cemconcomp.2021.104158::M3,10.1016/j.cemconcomp.2021.104158,10.1016/j.cemconcomp.2021.104158::T1,shear_stress,119.14999999999974,3.1700000000000017,1.0,5,20.0,100.0,,277.65,436.15
10.1016/j.cemconcomp.2021.104158::M4::CV4,10.1016/j.cemconcomp.2021.104158::M4,10.1016/j.cemconcomp.2021.104158,10.1016/j.cemconcomp.2021.104158::T1,shear_stress,186.56999999999974,3.4200000000000026,1.0,5,20.0,100.0,,357.57,528.57
10.1016/j.cemconcomp.2021.104158::M5::CV4,10.1016/j.cemconcomp.2021.104158::M5,10.1016/j.cemconcomp.2021.104158,10.1016/j.cemconcomp.2021.104158::T1,shear_stress,50.19999999999991,1.5200000000000007,1.0,5,20.0,100.0,,126.2,202.2
10.1016/j.cemconcomp.2021.104158::M6::CV4,10.1016/j.cemconcomp.2021.104158::M6,10.1016/j.cemconcomp.2021.104158,10.1016/j.cemconcomp.2021.104158::T1,shear_stress,74.16999999999997,2.3500000000000005,1.0,5,20.0,100.0,,191.67,309.17
10.1016/j.cemconcomp.2021.104158::M7::CV4,10.1016/j.cemconcomp.2021.104158::M7,10.1016/j.cemconcomp.2021.104158,10.1016/j.cemconcomp.2021.104158::T1,shear_stress,115.33999999999975,3.0800000000000027,1.0,5,20.0,100.0,,269.34,423.34
10.1016/j.cemconcomp.2021.104201::M2::CV1,10.1016/j.cemconcomp.2021.104201::M2,10.1016/j.cemconcomp.2021.104201,10.1016/j.cemconcomp.2021.104201::T4,shear_stress,23.464285714285747,0.061071428571428575,0.9616219415943172,8,100.0,800.0,,,18.0
10.1016/j.cemconcomp.2023.104960::M1::CV1,10.1016/j.cemconcomp.2023.104960::M1,10.1016/j.cemconcomp.2023.104960,10.1016/j.cemconcomp.2023.104960::T1,shear_stress,297.2996213110475,2.0627448419952996,0.9996057580936509,5,18.0,88.0,,400.6470588235294,
10.1016/j.cemconcomp.2023.104960::M2::CV2,10.1016/j.cemconcomp.2023.104960::M2,10.1016/j.cemconcomp.2023.104960,10.1016/j.cemconcomp.2023.104960::T1,shear_stress,237.24618070711486,1.0604539502400692,0.9998536420328902,5,20.0,106.0,,290.3636363636364,343.4
10.1016/j.cemconcomp.2023.104960::M3::CV3,10.1016/j.cemconcomp.2023.104960::M3,10.1016/j.cemconcomp.2023.104960,10.1016/j.cemconcomp.2023.104960::T1,shear_stress,279.48799650807507,1.0471409864687913,0.9996383710858056,5,20.0,106.0,,331.72727272727275,384.0
10.1016/j.cemconcomp.2023.104960::M4::CV4,10.1016/j.cemconcomp.2023.104960::M4,10.1016/j.cemconcomp.2023.104960,10.1016/j.cemconcomp.2023.104960::T1,shear_stress,322.29999999999995,1.5600000000000005,0.999630314232902,5,18.0,100.0,,400.0,478.0
10.1016/j.cemconcomp.2023.104960::M5::CV5,10.1016/j.cemconcomp.2023.104960::M5,10.1016/j.cemconcomp.2023.104960,10.1016/j.cemconcomp.2023.104960::T1,shear_stress,429.1999999999997,1.4160000000000013,0.9878914010027433,5,25.0,125.0,,503.0,573.0
10.1016/j.cemconcomp.2023.104962::M1::CV1,10.1016/j.cemconcomp.2023.104962::M1,10.1016/j.cemconcomp.2023.104962,10.1016/j.cemconcomp.2023.104962::T1,shear_stress,37.70000000000001,0.40500000000000014,0.9981237322515213,10,10.0,100.0,42.0,58.0,78.0
10.1016/j.cemconcomp.2023.104962::M2::CV1,10.1016/j.cemconcomp.2023.104962::M2,10.1016/j.cemconcomp.2023.104962,10.1016/j.cemconcomp.2023.104962::T1,shear_stress,59.76666666666665,1.6983333333333344,0.9989619410451782,10,10.0,100.0,75.0,146.0,231.0
10.1016/j.cemconcomp.2023.104962::M3::CV1,10.1016/j.cemconcomp.2023.104962::M3,10.1016/j.cemconcomp.2023.104962,10.1016/j.cemconcomp.2023.104962::T1,shear_stress,88.66666666666664,2.016666666666668,0.9968001089324618,10,10.0,100.0,101.0,193.0,289.0
10.1016/j.cemconcomp.2023.104962::M4::CV1,10.1016/j.cemconcomp.2023.104962::M4,10.1016/j.cemconcomp.2023.104962,10.1016/j.cemconcomp.2023.104962::T1,shear_stress,107.74444444444438,2.261666666666668,0.9990427948293198,10,10.0,100.0,120.0,222.0,333.0
10.1016/j.cemconcomp.2023.104962::M7::CV1,10.1016/j.cemconcomp.2023.104962::M7,10.1016/j.cemconcomp.2023.104962,10.1016/j.cemconcomp.2023.104962::T1,shear_stress,91.51111111111105,3.260000000000001,0.9838717088006473,10,10.0,100.0,131.0,251.0,431.0
10.1016/j.cemconcomp.2023.104962::M5::CV1,10.1016/j.cemconcomp.2023.104962::M5,10.1016/j.cemconcomp.2023.104962,10.1016/j.cemconcomp.2023.104962::T1,shear_stress,101.56666666666668,2.9683333333333337,0.9983762023467795,10,10.0,100.0,128.0,255.0,398.0
10.1016/j.cemconcomp.2023.104962::M6::CV1,10.1016/j.cemconcomp.2023.104962::M6,10.1016/j.cemconcomp.2023.104962,10.1016/j.cemconcomp.2023.104962::T1,shear_stress,103.59999999999994,3.2233333333333363,0.9913059610512144,10,10.0,100.0,133.0,265.0,438.0
10.1016/j.cemconcomp.2025.106210::M1::CV1,10.1016/j.cemconcomp.2025.106210::M1,10.1016/j.cemconcomp.2025.106210,10.1016/j.cemconcomp.2025.106210::T1,shear_stress,12.299999999999997,0.4,0.9738283627510651,6,2.0,50.0,17.0,33.5,
10.1016/j.cemconcomp.2025.106210::M3::CV1,10.1016/j.cemconcomp.2025.106210::M3,10.1016/j.cemconcomp.2025.106210,10.1016/j.cemconcomp.2025.106210::T1,shear_stress,82.6999999999999,0.7700000000000014,0.9968056489576328,6,2.0,50.0,91.0,122.0,
10.1016/j.cemconcomp.2025.106210::M7::CV1,10.1016/j.cemconcomp.2025.106210::M7,10.1016/j.cemconcomp.2025.106210,10.1016/j.cemconcomp.2025.106210::T1,shear_stress,175.39999999999986,1.4600000000000017,0.9985010305415027,6,2.0,50.0,190.0,248.0,
10.1016/j.conbuildmat.2018.11.130::M1::CV1,10.1016/j.conbuildmat.2018.11.130::M1,10.1016/j.conbuildmat.2018.11.130,10.1016/j.conbuildmat.2018.11.130::T1,shear_stress,12.199999999999998,0.2615,0.9991014519221989,5,10.0,80.0,15.5,25.1,
10.1016/j.conbuildmat.2018.11.130::M2::CV1,10.1016/j.conbuildmat.2018.11.130::M2,10.1016/j.conbuildmat.2018.11.130,10.1016/j.conbuildmat.2018.11.130::T1,shear_stress,14.200000000000005,0.2694999999999999,0.986639724236301,5,10.0,80.0,17.7,27.299999999999997,
10.1016/j.conbuildmat.2018.11.130::M3::CV1,10.1016/j.conbuildmat.2018.11.130::M3,10.1016/j.conbuildmat.2018.11.130,10.1016/j.conbuildmat.2018.11.130::T1,shear_stress,16.35000000000001,0.26699999999999996,0.9985852360274549,5,10.0,80.0,19.3,29.8,
10.1016/j.conbuildmat.2018.11.130::M4::CV1,10.1016/j.conbuildmat.2018.11.130::M4,10.1016/j.conbuildmat.2018.11.130,10.1016/j.conbuildmat.2018.11.130::T1,shear_stress,18.20000000000001,0.2754999999999999,0.9998221666035468,5,10.0,80.0,22.0,31.900000000000002,
10.1016/j.conbuildmat.2018.11.130::M5::CV1,10.1016/j.conbuildmat.2018.11.130::M5,10.1016/j.conbuildmat.2018.11.130,10.1016/j.conbuildmat.2018.11.130::T1,shear_stress,20.75,0.272,0.9989063660298386,5,10.0,80.0,24.3,34.2,
10.1016/j.conbuildmat.2018.11.130::M6::CV1,10.1016/j.conbuildmat.2018.11.130::M6,10.1016/j.conbuildmat.2018.11.130,10.1016/j.conbuildmat.2018.11.130::T1,shear_stress,23.350000000000023,0.27449999999999963,0.9979669883946162,5,10.0,80.0,27.0,36.8,
10.1016/j.conbuildmat.2018.11.130::M7::CV1,10.1016/j.conbuildmat.2018.11.130::M7,10.1016/j.conbuildmat.2018.11.130,10.1016/j.conbuildmat.2018.11.130::T1,shear_stress,20.15,0.2915,0.9996294281134656,5,10.0,80.0,22.0,34.75,
10.1016/j.conbuildmat.2018.11.130::M8::CV1,10.1016/j.conbuildmat.2018.11.130::M8,10.1016/j.conbuildmat.2018.11.130,10.1016/j.conbuildmat.2018.11.130::T1,shear_stress,23.449999999999996,0.326,0.9987876509562521,5,10.0,80.0,25.7,39.95,
10.1016/j.conbuildmat.2018.11.130::M9::CV1,10.1016/j.conbuildmat.2018.11.130::M9,10.1016/j.conbuildmat.2018.11.130,10.1016/j.conbuildmat.2018.11.130::T1,shear_stress,26.450000000000014,0.3659999999999998,0.9990379237051125,5,10.0,80.0,29.4,44.95,
10.1016/j.conbuildmat.2018.11.130::M10::CV1,10.1016/j.conbuildmat.2018.11.130::M10,10.1016/j.conbuildmat.2018.11.130,10.1016/j.conbuildmat.2018.11.130::T1,shear_stress,30.15000000000002,0.4009999999999998,0.9991984092462561,5,10.0,80.0,33.4,50.400000000000006,
10.1016/j.conbuildmat.2018.11.130::M11::CV1,10.1016/j.conbuildmat.2018.11.130::M11,10.1016/j.conbuildmat.2018.11.130,10.1016/j.conbuildmat.2018.11.130::T1,shear_stress,34.050000000000026,0.4374999999999999,0.9991778193943269,5,10.0,80.0,37.6,56.15,
10.1016/j.conbuildmat.2018.11.130::M12::CV1,10.1016/j.conbuildmat.2018.11.130::M12,10.1016/j.conbuildmat.2018.11.130,10.1016/j.conbuildmat.2018.11.130::T1,shear_stress,38.55,0.4789999999999999,0.9991769368113922,5,10.0,80.0,42.4,62.75,
10.1016/j.conbuildmat.2018.12.061::M1::CV1,10.1016/j.conbuildmat.2018.12.061::M1,10.1016/j.conbuildmat.2018.12.061,10.1016/j.conbuildmat.2018.12.061::T1,shear_stress,444.19999999999936,0.3900000000000067,0.9578085642317379,8,1.0,100.0,460.0,465.0,480.0
10.1016/j.conbuildmat.2018.12.061::M2::CV1,10.1016/j.conbuildmat.2018.12.061::M2,10.1016/j.conbuildmat.2018.12.061,10.1016/j.conbuildmat.2018.12.061::T1,shear_stress,407.4999999999997,1.075000000000003,0.9983801295896328,8,1.0,100.0,430.0,460.0,515.0
10.1016/j.conbuildmat.2018.12.061::M3::CV1,10.1016/j.conbuildmat.2018.12.061::M3,10.1016/j.conbuildmat.2018.12.061,10.1016/j.conbuildmat.2018.12.061::T1,shear_stress,544.4999999999992,0.875000000000007,0.9943181818181819,8,1.0,100.0,480.0,590.0,630.0
10.1016/j.conbuildmat.2018.12.061::M4::CV1,10.1016/j.conbuildmat.2018.12.061::M4,10.1016/j.conbuildmat.2018.12.061,10.1016/j.conbuildmat.2018.12.061::T1,shear_stress,519.9999999999995,2.3500000000000045,0.9896953405017922,8,1.0,100.0,565.0,630.0,760.0
10.1016/j.conbuildmat.2020.118234::M1::CV1,10.1016/j.conbuildmat.2020.118234::M1,10.1016/j.conbuildmat.2020.118234,10.1016/j.conbuildmat.2020.118234::T2,shear_stress,51.95218265364735,0.9332280298678922,0.9855458183476488,7,2.0,295.0,15.222222222222221,78.25,148.33333333333331
10.1016/j.conbuildmat.2020.118234::M1::CV2,10.1016/j.conbuildmat.2020.118234::M1,10.1016/j.conbuildmat.2020.118234,10.1016/j.conbuildmat.2020.118234::T2,apparent_viscosity,13.73908673176331,1.1338598506605404,0.9645582658331417,7,2.0,295.0,12.666666666666668,54.75,122.0
10.1016/j.conbuildmat.2020.118234::M2::CV1,10.1016/j.conbuildmat.2020.118234::M2,10.1016/j.conbuildmat.2020.118234,10.1016/j.conbuildmat.2020.118234::T2,shear_stress,64.3811028144745,2.360999425617462,0.9567121588131481,7,2.0,295.0,21.11111111111111,121.25,310.0
10.1016/j.conbuildmat.2020.118234::M2::CV2,10.1016/j.conbuildmat.2020.118234::M2,10.1016/j.conbuildmat.2020.118234,10.1016/j.conbuildmat.2020.118234::T2,apparent_viscosity,22.527742676622623,1.4457668006892594,0.9410432727819465,7,2.0,295.0,10.38888888888889,63.75,162.0
10.1016/j.conbuildmat.2020.118234::M2::CV3,10.1016/j.conbuildmat.2020.118234::M2,10.1016/j.conbuildmat.2020.118234,10.1016/j.conbuildmat.2020.118234::T2,shear_stress,64.3811028144745,2.360999425617462,0.9567121588131481,7,2.0,295.0,21.11111111111111,121.25,310.0
10.1016/j.conbuildmat.2020.118234::M3::CV1,10.1016/j.conbuildmat.2020.118234::M3,10.1016/j.conbuildmat.2020.118234,10.1016/j.conbuildmat.2020.118234::T2,shear_stress,39.71137277426779,2.1915565766800693,0.9573945635817269,7,2.0,295.0,13.88888888888889,96.25,266.66666666666663
10.1016/j.conbuildmat.2020.118234::M4::CV1,10.1016/j.conbuildmat.2020.118234::M4,10.1016/j.conbuildmat.2020.118234,10.1016/j.conbuildmat.2020.118234::T2,shear_stress,38.441987363584154,1.1036760482481336,0.9836333611821837,7,2.0,295.0,28.333333333333336,78.75,150.0
10.1016/j.conbuildmat.2020.118234::M5::CV1,10.1016/j.conbuildmat.2020.118234::M5,10.1016/j.conbuildmat.2020.118234,10.1016/j.conbuildmat.2020.118234::T2,shear_stress,38.768667432510036,1.0012923607122348,0.9853248138930863,7,2.0,295.0,21.11111111111111,72.5,141.66666666666669
10.1016/j.conbuildmat.2020.118234::M6::CV1,10.1016/j.conbuildmat.2020.118234::M6,10.1016/j.conbuildmat.2020.118234,10.1016/j.conbuildmat.2020.118234::T2,shear_stress,28.365881677197,0.9253302699597935,0.9816971122194448,7,2.0,295.0,11.666666666666668,57.5,123.33333333333333
10.1016/j.conbuildmat.2020.118234::M2::CV4,10.1016/j.conbuildmat.2020.118234::M2,10.1016/j.conbuildmat.2020.118234,10.1016/j.conbuildmat.2020.118234::T2,apparent_viscosity,-34.92292006525264,2.815171288743881,0.9247010284545385,7,2.0,295.0,10.0,68.0,232.5
10.1016/j.conbuildmat.2020.118234::M3::CV2,10.1016/j.conbuildmat.2020.118234::M3,10.1016/j.conbuildmat.2020.118234,10.1016/j.conbuildmat.2020.118234::T2,apparent_viscosity,-28.384636413340825,2.5163750683433572,0.9162428382386337,7,2.0,295.0,9.444444444444445,63.25,211.25
10.1016/j.conbuildmat.2020.118234::M4::CV2,10.1016/j.conbuildmat.2020.118234::M4,10.1016/j.conbuildmat.2020.118234,10.1016/j.conbuildmat.2020.118234::T2,apparent_viscosity,62.073001631321425,1.020717781402936,0.9480273511723378,7,2.0,295.0,13.555555555555555,81.5,167.5
10.1016/j.conbuildmat.2020.118234::M5::CV2,10.1016/j.conbuildmat.2020.118234::M5,10.1016/j.conbuildmat.2020.118234,10.1016/j.conbuildmat.2020.118234::T2,apparent_viscosity,39.554445350734085,1.0309543230016311,0.9698695625476002,7,2.0,295.0,13.333333333333332,70.25,143.75
10.1016/j.conbuildmat.2020.118234::M6::CV2,10.1016/j.conbuildmat.2020.118234::M6,10.1016/j.conbuildmat.2020.118234,10.1016/j.conbuildmat.2020.118234::T2,apparent_viscosity,15.645187601957547,0.9825448613376836,0.9894638249929973,7,2.0,295.0,11.166666666666666,54.5,114.99999999999999
10.1016/j.conbuildmat.2020.119090::M1::CV2,10.1016/j.conbuildmat.2020.119090::M1,10.1016/j.conbuildmat.2020.119090,10.1016/j.conbuildmat.2020.119090::T2,shear_stress,468.92857142857144,2.8428571428571403,0.9990161453077699,9,10.0,200.0,400.0,610.0,750.0
10.1016/j.conbuildmat.2020.119090::M2::CV4,10.1016/j.conbuildmat.2020.119090::M2,10.1016/j.conbuildmat.2020.119090,10.1016/j.conbuildmat.2020.119090::T2,shear_stress,502.14285714285745,2.8857142857142817,0.9985317149569303,9,10.0,200.0,430.0,650.0,790.0
10.1016/j.conbuildmat.2020.119090::M3::CV2,10.1016/j.conbuildmat.2020.119090::M3,10.1016/j.conbuildmat.2020.119090,10.1016/j.conbuildmat.2020.119090::T2,shear_stress,539.8214285714286,3.1499999999999977,0.9994706656251284,9,10.0,200.0,460.0,700.0,850.0
10.1016/j.conbuildmat.2020.119090::M4::CV2,10.1016/j.conbuildmat.2020.119090::M4,10.1016/j.conbuildmat.2020.119090,10.1016/j.conbuildmat.2020.119090::T2,shear_stress,617.6785714285716,2.949999999999997,0.9977596050353316,9,10.0,200.0,490.0,760.0,910.0
10.1016/j.conbuildmat.2020.119862::M1::CV2,10.1016/j.conbuildmat.2020.119862::M1,10.1016/j.conbuildmat.2020.119862,10.1016/j.conbuildmat.2020.119862::T2,shear_stress,94.30794282612624,1.6676316265605218,0.9928020089141146,8,3.0,163.0,105.0,181.71428571428572,254.15384615384616
10.1016/j.conbuildmat.2020.119862::M2::CV2,10.1016/j.conbuildmat.2020.119862::M2,10.1016/j.conbuildmat.2020.119862,10.1016/j.conbuildmat.2020.119862::T2,shear_stress,30.9988691876244,1.486385018997648,0.9996336234554809,8,3.0,163.0,38.0,104.71428571428571,180.3846153846154
10.1016/j.conbuildmat.2020.119862::M3::CV2,10.1016/j.conbuildmat.2020.119862::M3,10.1016/j.conbuildmat.2020.119862,10.1016/j.conbuildmat.2020.119862::T2,shear_stress,30.424597430794243,1.0521530667631627,0.9986588520005683,8,3.0,163.0,35.0,82.07142857142857,137.15384615384616
10.1016/j.conbuildmat.2020.119862::M4::CV2,10.1016/j.conbuildmat.2020.119862::M4,10.1016/j.conbuildmat.2020.119862,10.1016/j.conbuildmat.2020.119862::T2,shear_stress,20.96894789216572,0.9961326216754117,0.9996505199747894,8,3.0,163.0,28.0,70.71428571428571,120.38461538461539
10.1016/j.conbuildmat.2020.119862::M5::CV2,10.1016/j.conbuildmat.2020.119862::M5,10.1016/j.conbuildmat.2020.119862,10.1016/j.conbuildmat.2020.119862::T2,shear_stress,8.422041794825363,0.9913832096978471,0.9960413247101793,8,3.0,163.0,22.0,59.5,105.76923076923077
10.1016/j.conbuildmat.2020.120660::M1::CV1,10.1016/j.conbuildmat.2020.120660::M1,10.1016/j.conbuildmat.2020.120660,10.1016/j.conbuildmat.2020.120660::T3,shear_stress,-0.7099999999999975,0.11449999999999996,0.9869946548219529,6,10.0,100.0,1.2,4.7,11.2
10.1016/j.conbuildmat.2020.120660::M2::CV1,10.1016/j.conbuildmat.2020.120660::M2,10.1016/j.conbuildmat.2020.120660,10.1016/j.conbuildmat.2020.120660::T3,shear_stress,2.5399999999999943,0.14400000000000004,0.9854576561163387,6,10.0,100.0,5.0,9.399999999999999,17.6
10.1016/j.conbuildmat.2020.120660::M3::CV1,10.1016/j.conbuildmat.2020.120660::M3,10.1016/j.conbuildmat.2020.120660,10.1016/j.conbuildmat.2020.120660::T3,shear_stress,6.089999999999999,0.1355,0.9867388617187081,6,10.0,100.0,8.5,12.5,20.2
10.1016/j.conbuildmat.2020.120660::M4::CV1,10.1016/j.conbuildmat.2020.120660::M4,10.1016/j.conbuildmat.2020.120660,10.1016/j.conbuildmat.2020.120660::T3,shear_stress,27.499999999999954,0.49500000000000044,0.9256705704571213,6,10.0,100.0,42.0,49.0,82.0
10.1016/j.conbuildmat.2020.120660::M5::CV1,10.1016/j.conbuildmat.2020.120660::M5,10.1016/j.conbuildmat.2020.120660,10.1016/j.conbuildmat.2020.120660::T3,shear_stress,45.59999999999995,0.9300000000000005,0.96442908117752,6,10.0,100.0,69.0,88.0,145.0
10.1016/j.conbuildmat.2020.120660::M6::CV1,10.1016/j.conbuildmat.2020.120660::M6,10.1016/j.conbuildmat.2020.120660,10.1016/j.conbuildmat.2020.120660::T3,shear_stress,66.79999999999991,1.2000000000000008,0.9801252382248843,6,10.0,100.0,94.0,123.0,193.0
10.1016/j.conbuildmat.2020.120660::M7::CV1,10.1016/j.conbuildmat.2020.120660::M7,10.1016/j.conbuildmat.2020.120660,10.1016/j.conbuildmat.2020.120660::T3,shear_stress,-0.9400000000000016,0.18800000000000003,0.9889753203872629,6,10.0,100.0,2.2,8.05,18.6
10.1016/j.conbuildmat.2020.120660::M8::CV1,10.1016/j.conbuildmat.2020.120660::M8,10.1016/j.conbuildmat.2020.120660,10.1016/j.conbuildmat.2020.120660::T3,shear_stress,0.1400000000000005,0.25299999999999995,0.993357853407204,6,10.0,100.0,3.9,12.35,26.2
10.1016/j.conbuildmat.2020.120660::M9::CV1,10.1016/j.conbuildmat.2020.120660::M9,10.1016/j.conbuildmat.2020.120660,10.1016/j.conbuildmat.2020.120660::T3,shear_stress,1.0599999999999985,0.316,0.9952061552567846,6,10.0,100.0,5.3,16.45,33.5
10.1016/j.conbuildmat.2020.120660::M10::CV1,10.1016/j.conbuildmat.2020.120660::M10,10.1016/j.conbuildmat.2020.120660,10.1016/j.conbuildmat.2020.120660::T3,shear_stress,19.299999999999976,0.6050000000000002,0.9992492492492493,6,10.0,100.0,22.0,49.0,80.0
10.1016/j.conbuildmat.2020.120660::M11::CV1,10.1016/j.conbuildmat.2020.120660::M11,10.1016/j.conbuildmat.2020.120660,10.1016/j.conbuildmat.2020.120660::T3,shear_stress,45.699999999999946,0.8450000000000005,0.9982175311058298,6,10.0,100.0,49.0,88.5,131.0
10.1016/j.conbuildmat.2020.120660::M12::CV1,10.1016/j.conbuildmat.2020.120660::M12,10.1016/j.conbuildmat.2020.120660,10.1016/j.conbuildmat.2020.120660::T3,shear_stress,77.09999999999987,1.3250000000000015,0.9984786441449127,6,10.0,100.0,77.0,144.0,211.0
10.1016/j.conbuildmat.2021.125670::M1::CV1,10.1016/j.conbuildmat.2021.125670::M1,10.1016/j.conbuildmat.2021.125670,10.1016/j.conbuildmat.2021.125670::T2,apparent_viscosity,0.011994680216602393,2.305989498568453e-05,0.9925786270479969,6,5.11,1021.0,0.0030263999999999994,0.006112867691154423,0.009942515367316341
10.1016/j.conbuildmat.2021.125670::M2::CV1,10.1016/j.conbuildmat.2021.125670::M2,10.1016/j.conbuildmat.2021.125670,10.1016/j.conbuildmat.2021.125670::T2,apparent_viscosity,0.011994680216602391,2.2059894985684535e-05,0.9918961145097139,6,5.11,1021.0,0.0028264000000000006,0.0058746218890554725,0.009661728335832082
10.1016/j.conbuildmat.2021.125670::M3::CV1,10.1016/j.conbuildmat.2021.125670::M3,10.1016/j.conbuildmat.2021.125670,10.1016/j.conbuildmat.2021.125670::T2,apparent_viscosity,0.011326275970843111,2.267594365452884e-05,0.9889710983940645,6,5.11,1021.0,0.0024512400000000004,0.005455810607196403,0.009204642441279363
10.1016/j.conbuildmat.2021.125670::M4::CV1,10.1016/j.conbuildmat.2021.125670::M4,10.1016/j.conbuildmat.2021.125670,10.1016/j.conbuildmat.2021.125670::T2,apparent_viscosity,0.011640637699335092,2.3445202874076018e-05,0.9953993429154468,6,5.11,1021.0,0.0027308000000000002,0.005840138343328336,0.009712358483258372
10.1016/j.conbuildmat.2023.134539::M1::CV2,10.1016/j.conbuildmat.2023.134539::M1,10.1016/j.conbuildmat.2023.134539,10.1016/j.conbuildmat.2023.134539::T1,apparent_viscosity,3.6399999999999997,0.25999999999999995,0.9986999172674624,8,2.0,100.0,6.0,16.6,30.0
10.1016/j.conbuildmat.2023.134539::M2::CV2,10.1016/j.conbuildmat.2023.134539::M2,10.1016/j.conbuildmat.2023.134539,10.1016/j.conbuildmat.2023.134539::T1,apparent_viscosity,0.6399999999999935,0.32400000000000007,0.9693790861744173,8,2.0,100.0,6.0,15.4,35.0
10.1016/j.conbuildmat.2023.134539::M3::CV2,10.1016/j.conbuildmat.2023.134539::M3,10.1016/j.conbuildmat.2023.134539,10.1016/j.conbuildmat.2023.134539::T1,apparent_viscosity,43.56310679611648,0.27475728155339846,0.9683226734696344,8,6.0,100.0,47.8,60.0,70.0
10.1016/j.conbuildmat.2023.134539::M4::CV2,10.1016/j.conbuildmat.2023.134539::M4,10.1016/j.conbuildmat.2023.134539,10.1016/j.conbuildmat.2023.134539::T1,apparent_viscosity,77.17042380522996,0.34427412082957604,0.9331524870987662,8,9.0,100.0,81.2,97.0,110.00000000000001
10.1016/j.conbuildmat.2023.134539::M5::CV2,10.1016/j.conbuildmat.2023.134539::M5,10.1016/j.conbuildmat.2023.134539,10.1016/j.conbuildmat.2023.134539::T1,apparent_viscosity,57.98985572587914,0.7354598737601443,0.9813651689744257,9,6.0,100.0,65.82499999999999,95.0,135.0
10.1016/j.conbuildmat.2025.141714::M1::CV1,10.1016/j.conbuildmat.2025.141714::M1,10.1016/j.conbuildmat.2025.141714,10.1016/j.conbuildmat.2025.141714::T4,shear_stress,22.99999999999999,1.092,0.9999195009056148,4,25.0,100.0,,78.0,132.0
10.1016/j.conbuildmat.2025.141714::M2::CV1,10.1016/j.conbuildmat.2025.141714::M2,10.1016/j.conbuildmat.2025.141714,10.1016/j.conbuildmat.2025.141714::T4,shear_stress,51.49999999999985,4.284000000000001,0.9983862755082057,4,25.0,100.0,,262.0,485.0
10.1016/j.conbuildmat.2025.141714::M3::CV1,10.1016/j.conbuildmat.2025.141714::M3,10.1016/j.conbuildmat.2025.141714,10.1016/j.conbuildmat.2025.141714::T4,shear_stress,338.99999999999994,2.3800000000000003,0.9976610164715165,4,25.0,100.0,,463.0,575.0
10.1016/j.conbuildmat.2025.141714::M4::CV1,10.1016/j.conbuildmat.2025.141714::M4,10.1016/j.conbuildmat.2025.141714,10.1016/j.conbuildmat.2025.141714::T4,shear_stress,53.499999999999986,3.5759999999999996,0.9969016614279299,4,25.0,100.0,,228.0,417.0
10.1016/j.conbuildmat.2025.141714::M5::CV1,10.1016/j.conbuildmat.2025.141714::M5,10.1016/j.conbuildmat.2025.141714,10.1016/j.conbuildmat.2025.141714::T4,shear_stress,55.49999999999994,2.4920000000000004,0.9989550490946761,4,25.0,100.0,,178.0,307.0
10.1016/j.conbuildmat.2025.141714::M6::CV1,10.1016/j.conbuildmat.2025.141714::M6,10.1016/j.conbuildmat.2025.141714,10.1016/j.conbuildmat.2025.141714::T4,shear_stress,52.49999999999992,1.9600000000000006,0.9880658436213992,4,25.0,100.0,,160.0,245.0
10.1016/j.conbuildmat.2025.141714::M7::CV1,10.1016/j.conbuildmat.2025.141714::M7,10.1016/j.conbuildmat.2025.141714,10.1016/j.conbuildmat.2025.141714::T4,shear_stress,44.99999999999999,1.9800000000000002,0.9945205479452055,4,25.0,100.0,,150.0,240.0
10.1016/j.conbuildmat.2025.141714::M8::CV1,10.1016/j.conbuildmat.2025.141714::M8,10.1016/j.conbuildmat.2025.141714,10.1016/j.conbuildmat.2025.141714::T4,shear_stress,57.499999999999964,2.1000000000000005,0.9972862957937585,4,25.0,100.0,,165.0,270.0
10.1016/j.conbuildmat.2025.141714::M9::CV1,10.1016/j.conbuildmat.2025.141714::M9,10.1016/j.conbuildmat.2025.141714,10.1016/j.conbuildmat.2025.141714::T4,shear_stress,32.49999999999989,2.7200000000000006,0.9997837837837837,4,25.0,100.0,,170.0,305.0
10.1016/j.conbuildmat.2025.141714::M10::CV1,10.1016/j.conbuildmat.2025.141714::M10,10.1016/j.conbuildmat.2025.141714,10.1016/j.conbuildmat.2025.141714::T4,shear_stress,33.99999999999997,2.092000000000001,0.9995395662421662,4,25.0,100.0,,140.0,242.0
10.1016/j.jclepro.2022.130478::M1::CV1,10.1016/j.jclepro.2022.130478::M1,10.1016/j.jclepro.2022.130478,10.1016/j.jclepro.2022.130478::T2,shear_stress,15.422222222222219,0.7111111111111114,0.9891728718051922,10,3.0,30.0,22.833333333333332,,
10.1016/j.jclepro.2022.130478::M2::CV1,10.1016/j.jclepro.2022.130478::M2,10.1016/j.jclepro.2022.130478,10.1016/j.jclepro.2022.130478::T2,shear_stress,21.0714285714286,3.863095238095235,0.9991349706688638,9,3.0,27.0,60.666666666666664,,
10.1016/j.jclepro.2022.130478::M3::CV1,10.1016/j.jclepro.2022.130478::M3,10.1016/j.jclepro.2022.130478,10.1016/j.jclepro.2022.130478::T2,shear_stress,17.63690476190477,0.9424603174603162,0.9846987094718742,9,3.0,27.0,26.833333333333332,,
10.1016/j.jclepro.2022.130478::M4::CV1,10.1016/j.jclepro.2022.130478::M4,10.1016/j.jclepro.2022.130478,10.1016/j.jclepro.2022.130478::T2,shear_stress,13.922619047619055,3.8948412698412676,0.9989044987874569,8,6.0,27.0,53.833333333333336,,
10.1016/j.jclepro.2022.130478::M5::CV1,10.1016/j.jclepro.2022.130478::M5,10.1016/j.jclepro.2022.130478,10.1016/j.jclepro.2022.130478::T2,shear_stress,16.022540983606618,4.42554644808743,0.9865622175623104,8,3.0,27.0,62.66666666666667,,
10.1016/j.jobe.2022.105484::M1::CV2,10.1016/j.jobe.2022.105484::M1,10.1016/j.jobe.2022.105484,10.1016/j.jobe.2022.105484::T1,shear_stress,180.9999999999994,15.850000000000005,0.9787762496590954,5,20.0,100.0,,1035.0,1690.0
10.1016/j.jobe.2022.105484::M2::CV2,10.1016/j.jobe.2022.105484::M2,10.1016/j.jobe.2022.105484,10.1016/j.jobe.2022.105484::T1,shear_stress,74.00000000000011,9.999999999999998,0.9922603691208574,5,20.0,100.0,,590.0,1040.0
10.1016/j.jobe.2022.105484::M3::CV2,10.1016/j.jobe.2022.105484::M3,10.1016/j.jobe.2022.105484,10.1016/j.jobe.2022.105484::T1,shear_stress,35.999999999999964,7.400000000000001,0.9992700729927008,5,20.0,100.0,,410.0,780.0
10.1016/j.jobe.2022.105484::M4::CV2,10.1016/j.jobe.2022.105484::M4,10.1016/j.jobe.2022.105484,10.1016/j.jobe.2022.105484::T1,shear_stress,27.99999999999986,7.200000000000002,0.9998071359691417,5,20.0,100.0,,390.0,750.0
10.1016/j.jobe.2022.105484::M5::CV2,10.1016/j.jobe.2022.105484::M5,10.1016/j.jobe.2022.105484,10.1016/j.jobe.2022.105484::T1,shear_stress,44.00000000000006,9.2,0.9995276334435522,5,20.0,100.0,,510.0,960.0
10.1016/j.jobe.2022.105484::M6::CV2,10.1016/j.jobe.2022.105484::M6,10.1016/j.jobe.2022.105484,10.1016/j.jobe.2022.105484::T1,shear_stress,103.99999999999956,10.100000000000005,0.9860802319961334,5,20.0,100.0,,635.0,1070.0
10.1016/j.jobe.2022.105484::M7::CV2,10.1016/j.jobe.2022.105484::M7,10.1016/j.jobe.2022.105484,10.1016/j.jobe.2022.105484::T1,shear_stress,-11.000000000000101,8.15,0.9992853919061231,5,20.0,100.0,,395.0,800.0
10.1016/j.jobe.2022.105484::M8::CV2,10.1016/j.jobe.2022.105484::M8,10.1016/j.jobe.2022.105484,10.1016/j.jobe.2022.105484::T1,shear_stress,-12.999999999999972,7.05,0.9980421686746987,5,20.0,100.0,,345.0,680.0
10.1016/j.jobe.2022.105484::M9::CV2,10.1016/j.jobe.2022.105484::M9,10.1016/j.jobe.2022.105484,10.1016/j.jobe.2022.105484::T1,shear_stress,-39.99999999999998,6.5,1.0,5,20.0,100.0,,285.0,610.0
10.1016/j.jobe.2023.106120::M1::CV1,10.1016/j.jobe.2023.106120::M1,10.1016/j.jobe.2023.106120,10.1016/j.jobe.2023.106120::T1,shear_stress,65.95238095238103,0.22476190476190416,0.9945714285714286,9,0.1,100.0,65.0,77.66666666666667,88.0
10.1016/j.jobe.2023.106120::M2::CV1,10.1016/j.jobe.2023.106120::M2,10.1016/j.jobe.2023.106120,10.1016/j.jobe.2023.106120::T1,shear_stress,54.28571428571432,0.18476190476190466,0.9823212110666434,9,0.1,100.0,53.0,64.0,72.0
10.1016/j.jobe.2023.106120::M3::CV1,10.1016/j.jobe.2023.106120::M3,10.1016/j.jobe.2023.106120,10.1016/j.jobe.2023.106120::T1,shear_stress,44.619047619047656,0.15809523809523776,0.9890882986360373,9,0.1,100.0,45.0,53.0,60.0
10.1016/j.jobe.2023.106120::M4::CV1,10.1016/j.jobe.2023.106120::M4,10.1016/j.jobe.2023.106120,10.1016/j.jobe.2023.106120::T1,shear_stress,324.71428571428584,0.5352380952380938,0.9835904249797579,9,0.1,100.0,335.0,350.6666666666667,381.0
10.1016/j.jobe.2023.106120::M5::CV1,10.1016/j.jobe.2023.106120::M5,10.1016/j.jobe.2023.106120,10.1016/j.jobe.2023.106120::T1,shear_stress,281.1904761904766,0.3409523809523774,0.9918278904194399,9,0.1,100.0,285.0,297.3333333333333,316.0
10.1016/j.jobe.2023.106120::M6::CV1,10.1016/j.jobe.2023.106120::M6,10.1016/j.jobe.2023.106120,10.1016/j.jobe.2023.106120::T1,shear_stress,283.2380952380955,0.40952380952380685,0.9992794091154747,9,0.1,100.0,284.0,304.0,324.0
10.1016/j.jobe.2023.106120::M1::CV2,10.1016/j.jobe.2023.106120::M1,10.1016/j.jobe.2023.106120,10.1016/j.jobe.2023.106120::T1,apparent_viscosity,166.6190476190477,-0.715238095238096,0.8261350181510136,9,0.1,100.0,250.0,142.0,90.0
10.1016/j.jobe.2023.106120::M2::CV2,10.1016/j.jobe.2023.106120::M2,10.1016/j.jobe.2023.106120,10.1016/j.jobe.2023.106120::T1,apparent_viscosity,124.71428571428584,-0.4047619047619056,0.9421373368917941,9,0.1,100.0,220.0,105.66666666666667,80.0
10.1016/j.jobe.2023.106120::M3::CV2,10.1016/j.jobe.2023.106120::M3,10.1016/j.jobe.2023.106120,10.1016/j.jobe.2023.106120::T1,apparent_viscosity,95.23809523809531,-0.3438095238095243,0.9801150678750048,9,0.1,100.0,200.0,78.0,60.0
10.1016/j.jobe.2023.106120::M4::CV2,10.1016/j.jobe.2023.106120::M4,10.1016/j.jobe.2023.106120,10.1016/j.jobe.2023.106120::T1,apparent_viscosity,328.1904761904765,0.7542857142857128,0.9030145400451077,9,0.1,100.0,300.0,358.3333333333333,400.0
10.1016/j.jobe.2023.106120::M5::CV2,10.1016/j.jobe.2023.106120::M5,10.1016/j.jobe.2023.106120,10.1016/j.jobe.2023.106120::T1,apparent_viscosity,277.1428571428574,0.23904761904761673,0.4618220913611305,9,0.1,100.0,260.0,290.6666666666667,300.0
10.1016/j.jobe.2023.106120::M6::CV2,10.1016/j.jobe.2023.106120::M6,10.1016/j.jobe.2023.106120,10.1016/j.jobe.2023.106120::T1,apparent_viscosity,306.4761904761906,0.03904761904761879,0.020687109014459693,9,0.1,100.0,280.0,308.3333333333333,310.0
10.1016/j.jobe.2023.106355::M1::CV1,10.1016/j.jobe.2023.106355::M1,10.1016/j.jobe.2023.106355,10.1016/j.jobe.2023.106355::T1,shear_stress,-1.348399525785438,1.0392708950800238,0.9964099690844248,6,1.0,100.0,12.578947368421051,49.5,105.0
10.1016/j.jobe.2023.106355::M5::CV1,10.1016/j.jobe.2023.106355::M5,10.1016/j.jobe.2023.106355,10.1016/j.jobe.2023.106355::T1,shear_stress,21.131100573009284,1.5162023315550281,0.9983763325342182,6,1.0,100.0,41.473684210526315,96.5,175.0
10.1016/j.jobe.2023.106355::M9::CV1,10.1016/j.jobe.2023.106355::M9,10.1016/j.jobe.2023.106355,10.1016/j.jobe.2023.106355::T1,shear_stress,15.93764350453175,2.6998187311178246,0.9961955220226159,6,1.0,100.0,60.5,151.0,290.0
10.1016/j.jobe.2023.106355::M13::CV1,10.1016/j.jobe.2023.106355::M13,10.1016/j.jobe.2023.106355,10.1016/j.jobe.2023.106355::T1,shear_stress,74.71516616314203,2.233474320241691,0.997175388605347,7,1.0,100.0,108.85714285714286,186.5,301.0
10.1016/j.jobe.2023.106355::M2::CV1,10.1016/j.jobe.2023.106355::M2,10.1016/j.jobe.2023.106355,10.1016/j.jobe.2023.106355::T1,shear_stress,70.64833836858013,1.8652567975830805,0.99844767368458,7,1.0,100.0,102.18181818181819,164.0,259.0
10.1016/j.jobe.2023.106355::M3::CV1,10.1016/j.jobe.2023.106355::M3,10.1016/j.jobe.2023.106355,10.1016/j.jobe.2023.106355::T1,shear_stress,216.40485935731073,1.6925890446747376,0.9937518327784612,6,1.0,100.0,298.7142857142857,297.0,389.0
10.1016/j.jobe.2023.106355::M4::CV1,10.1016/j.jobe.2023.106355::M4,10.1016/j.jobe.2023.106355,10.1016/j.jobe.2023.106355::T1,shear_stress,462.4375400726649,1.2766082496259912,0.9775029133544975,6,1.0,100.0,649.7391304347826,521.5,596.0
10.1016/j.jobe.2023.107410::M1::CV1,10.1016/j.jobe.2023.107410::M1,10.1016/j.jobe.2023.107410,10.1016/j.jobe.2023.107410::T4,apparent_viscosity,-1310.0625000000473,891.0803571428573,0.9976098207830941,8,23.0,163.0,,44559.775,86406.225
10.1016/j.jobe.2024.111335::M1::CV1,10.1016/j.jobe.2024.111335::M1,10.1016/j.jobe.2024.111335,10.1016/j.jobe.2024.111335::T1,shear_stress,16.95,0.20916666666666686,0.9868577694235589,10,10.0,100.0,17.0,28.0,37.0
10.1016/j.jobe.2024.111335::M5::CV1,10.1016/j.jobe.2024.111335::M5,10.1016/j.jobe.2024.111335,10.1016/j.jobe.2024.111335::T1,shear_stress,26.15555555555555,0.19000000000000014,0.9902971805943612,10,10.0,100.0,26.0,36.0,44.5
10.1016/j.jobe.2024.111335::M2::CV1,10.1016/j.jobe.2024.111335::M2,10.1016/j.jobe.2024.111335,10.1016/j.jobe.2024.111335::T1,shear_stress,35.08888888888889,0.26333333333333353,0.9885427666314678,10,10.0,100.0,34.0,49.0,61.0
10.1016/j.jobe.2024.111335::M6::CV1,10.1016/j.jobe.2024.111335::M6,10.1016/j.jobe.2024.111335,10.1016/j.jobe.2024.111335::T1,shear_stress,71.63333333333334,0.22000000000000017,0.9615894039735099,10,10.0,100.0,70.0,84.0,92.0
10.1016/j.jobe.2024.111335::M3::CV1,10.1016/j.jobe.2024.111335::M3,10.1016/j.jobe.2024.111335,10.1016/j.jobe.2024.111335::T1,shear_stress,84.20000000000002,0.2633333333333335,0.9328849028400598,10,10.0,100.0,79.0,99.0,108.0
10.1016/j.jobe.2024.111335::M7::CV1,10.1016/j.jobe.2024.111335::M7,10.1016/j.jobe.2024.111335,10.1016/j.jobe.2024.111335::T1,shear_stress,98.98888888888885,0.4150000000000009,0.9740416841223294,10,10.0,100.0,96.0,122.0,139.0
10.1016/j.jobe.2024.111335::M4::CV1,10.1016/j.jobe.2024.111335::M4,10.1016/j.jobe.2024.111335,10.1016/j.jobe.2024.111335::T1,shear_stress,132.9444444444444,0.625000000000001,0.9684028096593517,10,10.0,100.0,126.0,168.0,192.0
10.1016/j.jobe.2025.114982::M1::CV1,10.1016/j.jobe.2025.114982::M1,10.1016/j.jobe.2025.114982,10.1016/j.jobe.2025.114982::T1,apparent_viscosity,369.29824561403564,50.631578947368396,0.9997833581616787,7,5.0,50.0,880.0,2900.0,
10.1016/j.jobe.2025.114982::M2::CV1,10.1016/j.jobe.2025.114982::M2,10.1016/j.jobe.2025.114982,10.1016/j.jobe.2025.114982::T1,apparent_viscosity,391.92982456140413,51.26315789473683,0.9997313467984041,7,5.0,50.0,900.0,2950.0,
10.1016/j.jobe.2025.114982::M3::CV1,10.1016/j.jobe.2025.114982::M3,10.1016/j.jobe.2025.114982,10.1016/j.jobe.2025.114982::T1,apparent_viscosity,599.7192982456141,52.252631578947366,0.9990578644639536,7,5.0,50.0,1090.0,3200.0,
10.1016/j.jobe.2025.114982::M4::CV1,10.1016/j.jobe.2025.114982::M4,10.1016/j.jobe.2025.114982,10.1016/j.jobe.2025.114982::T1,apparent_viscosity,453.2982456140356,51.0315789473684,0.9994765419106674,7,5.0,50.0,940.0,3000.0,
10.1016/j.jobe.2025.114982::M5::CV1,10.1016/j.jobe.2025.114982::M5,10.1016/j.jobe.2025.114982,10.1016/j.jobe.2025.114982::T1,apparent_viscosity,636.4912280701755,25.157894736842103,0.9833946031312444,7,5.0,50.0,840.0,1850.0,
10.1016/j.jobe.2025.114982::M6::CV1,10.1016/j.jobe.2025.114982::M6,10.1016/j.jobe.2025.114982,10.1016/j.jobe.2025.114982::T1,apparent_viscosity,436.66666666666686,16.999999999999993,0.9926723150904511,7,5.0,50.0,630.0,1300.0,
10.1016/j.jobe.2025.114982::M7::CV1,10.1016/j.jobe.2025.114982::M7,10.1016/j.jobe.2025.114982,10.1016/j.jobe.2025.114982::T1,apparent_viscosity,362.385964912281,10.85263157894736,0.8767713066131437,7,5.0,50.0,570.0,950.0,
10.1016/j.petrol.2020.107660::M1::CV1,10.1016/j.petrol.2020.107660::M1,10.1016/j.petrol.2020.107660,10.1016/j.petrol.2020.107660::T1,shear_stress,47.99999999999999,0.2049999999999999,0.9982185273159144,4,3.0,300.0,16.04123711340206,39.1340206185567,68.0
10.1016/j.petrol.2020.107660::M2::CV1,10.1016/j.petrol.2020.107660::M2,10.1016/j.petrol.2020.107660,10.1016/j.petrol.2020.107660::T1,shear_stress,45.66666666666664,0.22000000000000003,0.9972527472527473,4,3.0,300.0,18.75257731958763,40.19587628865979,67.0
10.1016/j.petrol.2020.107660::M3::CV1,10.1016/j.petrol.2020.107660::M3,10.1016/j.petrol.2020.107660,10.1016/j.petrol.2020.107660::T1,shear_stress,45.000000000000014,0.21999999999999992,0.9938398357289528,4,3.0,300.0,16.824742268041238,38.68041237113402,66.0
10.1016/j.petrol.2020.107660::M4::CV1,10.1016/j.petrol.2020.107660::M4,10.1016/j.petrol.2020.107660,10.1016/j.petrol.2020.107660::T1,shear_stress,43.33333333333333,0.11499999999999998,0.9291569086651056,4,3.0,300.0,13.103092783505154,30.835051546391753,53.0
10.1016/j.petrol.2020.107660::M5::CV1,10.1016/j.petrol.2020.107660::M5,10.1016/j.petrol.2020.107660,10.1016/j.petrol.2020.107660::T1,shear_stress,42.99999999999998,0.12500000000000003,0.9952229299363057,4,3.0,300.0,13.24742268041237,31.804123711340207,55.0
10.1016/j.petrol.2020.107660::M6::CV1,10.1016/j.petrol.2020.107660::M6,10.1016/j.petrol.2020.107660,10.1016/j.petrol.2020.107660::T1,shear_stress,62.66666666666663,0.2850000000000001,0.9397416120323949,4,3.0,300.0,22.97938144329897,51.43298969072165,87.0
10.1016/j.petrol.2020.107660::M7::CV1,10.1016/j.petrol.2020.107660::M7,10.1016/j.petrol.2020.107660,10.1016/j.petrol.2020.107660::T1,shear_stress,50.666666666666615,0.29500000000000004,0.9953297750667175,4,3.0,300.0,24.257731958762886,48.58762886597938,79.0
10.1155/2022/1029984::M1::CV1,10.1155/2022/1029984::M1,10.1155/2022/1029984,10.1155/2022/1029984::T1,shear_stress,28.938888888888876,0.5633333333333334,0.6059618104667608,10,2.5,25.0,37.0,,
10.1155/2022/1029984::M3::CV1,10.1155/2022/1029984::M3,10.1155/2022/1029984,10.1155/2022/1029984::T1,shear_stress,57.922222222222196,1.6866666666666668,0.7987811980033278,10,2.5,25.0,83.0,,
10.1155/2022/1029984::M6::CV1,10.1155/2022/1029984::M6,10.1155/2022/1029984,10.1155/2022/1029984::T1,shear_stress,61.53333333333334,2.719999999999999,0.9613305613305613,10,2.5,25.0,93.0,,
10.1155/2022/1029984::M9::CV1,10.1155/2022/1029984::M9,10.1155/2022/1029984,10.1155/2022/1029984::T1,shear_stress,67.16666666666667,4.699999999999999,0.9966012993262753,10,2.5,25.0,117.0,,
