curve_uid,mix_uid,paper_uid,xq,n,tmax_min,tau0,athix,r2,ratio_end
10.1016/j.cemconcomp.2014.05.001::M1::CV3,10.1016/j.cemconcomp.2014.05.001::M1,10.1016/j.cemconcomp.2014.05.001,time_after_mixing,6,90.0,-8.860000000000024,0.009366666666666674,0.8903936581680405,7.669303797468354
10.1016/j.cemconcomp.2014.05.001::M2::CV3,10.1016/j.cemconcomp.2014.05.001::M2,10.1016/j.cemconcomp.2014.05.001,time_after_mixing,6,90.0,504.8599999999993,0.32983809523809543,0.999999997776749,2.851440688536859
10.1016/j.cemconcomp.2014.05.001::M3::CV3,10.1016/j.cemconcomp.2014.05.001::M3,10.1016/j.cemconcomp.2014.05.001,time_after_mixing,6,90.0,496.5000000000004,0.25733333333333325,1.0,2.5904408735063864
10.1016/j.cemconcomp.2018.10.002::M1::CV1,10.1016/j.cemconcomp.2018.10.002::M1,10.1016/j.cemconcomp.2018.10.002,resting_time,4,30.0,326.0,0.10583333333333332,0.9873890419344965,1.5909090909090908
10.1016/j.cemconcomp.2018.10.002::M2::CV1,10.1016/j.cemconcomp.2018.10.002::M2,10.1016/j.cemconcomp.2018.10.002,resting_time,4,30.0,484.99999999999994,0.35416666666666663,0.8942938482485456,2.1052631578947367
10.1016/j.cemconcomp.2018.10.002::M3::CV1,10.1016/j.cemconcomp.2018.10.002::M3,10.1016/j.cemconcomp.2018.10.002,resting_time,4,30.0,649.0,0.08999999999999994,0.8191011235955055,1.2205882352941178
10.1016/j.cemconcomp.2018.10.002::M4::CV1,10.1016/j.cemconcomp.2018.10.002::M4,10.1016/j.cemconcomp.2018.10.002,resting_time,4,30.0,371.50000000000006,0.27333333333333315,0.9736108597285068,2.2375
10.1016/j.cemconcomp.2021.104060::M6::CV3,10.1016/j.cemconcomp.2021.104060::M6,10.1016/j.cemconcomp.2021.104060,rest_time,13,60.0,-5.147252747252745,0.012598901098901093,0.9122521867344906,47.3
10.1016/j.cemconcomp.2023.105282::M1::CV1,10.1016/j.cemconcomp.2023.105282::M1,10.1016/j.cemconcomp.2023.105282,hydration_time,12,120.0,-15.984848484848367,0.09245337995337995,0.9300582288178006,6.909090909090909
10.1016/j.cemconcomp.2023.105282::M2::CV1,10.1016/j.cemconcomp.2023.105282::M2,10.1016/j.cemconcomp.2023.105282,hydration_time,12,120.0,-53.40909090909099,0.1306818181818182,0.922611150696285,8.666666666666666
10.1016/j.cemconcomp.2023.105282::M3::CV1,10.1016/j.cemconcomp.2023.105282::M3,10.1016/j.cemconcomp.2023.105282,hydration_time,12,120.0,-71.2878787878787,0.1530011655011655,0.9149938965565473,9.25925925925926
10.1016/j.cemconcomp.2023.105282::M4::CV1,10.1016/j.cemconcomp.2023.105282::M4,10.1016/j.cemconcomp.2023.105282,hydration_time,12,120.0,-225.0757575757575,0.2601689976689977,0.9540704778261927,12.275862068965518
10.1016/j.cemconcomp.2023.105282::M5::CV1,10.1016/j.cemconcomp.2023.105282::M5,10.1016/j.cemconcomp.2023.105282,hydration_time,12,120.0,-15.757575757575754,0.12027972027972032,0.9065265890031582,6.933333333333334
10.1016/j.cemconcomp.2023.105282::M6::CV1,10.1016/j.cemconcomp.2023.105282::M6,10.1016/j.cemconcomp.2023.105282,hydration_time,12,120.0,23.106060606060698,0.10807109557109558,0.9439973417135751,5.303030303030303
10.1016/j.cemconcomp.2023.105282::M7::CV1,10.1016/j.cemconcomp.2023.105282::M7,10.1016/j.cemconcomp.2023.105282,hydration_time,12,120.0,41.21212121212122,0.10588578088578089,0.9395152940547062,4.631578947368421
10.1016/j.cemconcomp.2025.106158::M1::CV1,10.1016/j.cemconcomp.2025.106158::M1,10.1016/j.cemconcomp.2025.106158,rest_time,6,120.0,-70.68627450980392,0.060106951871657745,0.7980739809950166,33.57142857142857
10.1016/j.cemconcomp.2025.106158::M2::CV1,10.1016/j.cemconcomp.2025.106158::M2,10.1016/j.cemconcomp.2025.106158,rest_time,6,120.0,-97.3137254901961,0.07974153297682708,0.7979063231280688,38.75
10.1016/j.cemconcomp.2025.106158::M3::CV1,10.1016/j.cemconcomp.2025.106158::M3,10.1016/j.cemconcomp.2025.106158,rest_time,6,120.0,-115.31372549019616,0.09428698752228164,0.7942233694120981,40.833333333333336
10.1016/j.cemconcomp.2025.106158::M4::CV1,10.1016/j.cemconcomp.2025.106158::M4,10.1016/j.cemconcomp.2025.106158,rest_time,6,120.0,-130.80392156862754,0.113475935828877,0.8141211719880889,40.0
10.1016/j.cemconcomp.2025.106158::M5::CV1,10.1016/j.cemconcomp.2025.106158::M5,10.1016/j.cemconcomp.2025.106158,rest_time,6,120.0,-145.29411764705884,0.13342245989304813,0.8504723119433384,40.6
10.1016/j.cemconcomp.2025.106158::M6::CV1,10.1016/j.cemconcomp.2025.106158::M6,10.1016/j.cemconcomp.2025.106158,rest_time,6,120.0,-177.54901960784306,0.1601158645276292,0.8398315867447856,40.833333333333336
10.1016/j.cemconres.2016.11.020::M1::CV2,10.1016/j.cemconres.2016.11.020::M1,10.1016/j.cemconres.2016.11.020,resting_time,13,115.0,-25.5751019553245,0.03414610105589986,0.8903220096144411,14.722222222222221
10.1016/j.cemconres.2016.11.020::M2::CV2,10.1016/j.cemconres.2016.11.020::M2,10.1016/j.cemconres.2016.11.020,resting_time,14,131.66666666666666,-29.859544188924403,0.03968031349902031,0.7174845604977892,16.785714285714285
10.1016/j.cemconres.2016.11.020::M3::CV2,10.1016/j.cemconres.2016.11.020::M3,10.1016/j.cemconres.2016.11.020,resting_time,14,131.66666666666666,-24.76059606063733,0.049264205424358054,0.839886009339402,10.88888888888889
10.1016/j.cemconres.2024.107710::M1::CV1,10.1016/j.cemconres.2024.107710::M1,10.1016/j.cemconres.2024.107710,hydration_time,6,242.4,-761.763157894737,0.23565423976608188,0.7140269785696125,404.0
10.1016/j.cemconres.2024.107710::M2::CV1,10.1016/j.cemconres.2024.107710::M2,10.1016/j.cemconres.2024.107710,hydration_time,5,206.4,-1004.7150993114777,0.24079767155589538,0.5044820403486787,344.0
10.1016/j.cemconres.2024.107710::M3::CV1,10.1016/j.cemconres.2024.107710::M3,10.1016/j.cemconres.2024.107710,hydration_time,5,277.8,-1489.7621617673285,0.2577888425377346,0.5488229565416445,463.0
10.1016/j.cemconres.2024.107710::M4::CV1,10.1016/j.cemconres.2024.107710::M4,10.1016/j.cemconres.2024.107710,hydration_time,4,67.8,-325.14052441513627,0.3686694230735683,0.9241526796178208,113.0
10.1016/j.cemconres.2024.107710::M5::CV1,10.1016/j.cemconres.2024.107710::M5,10.1016/j.cemconres.2024.107710,hydration_time,4,26.4,-72.40506329113921,0.4245780590717301,0.5204485929601157,44.0
10.1016/j.conbuildmat.2017.07.065::M1::CV1,10.1016/j.conbuildmat.2017.07.065::M1,10.1016/j.conbuildmat.2017.07.065,rest_time,4,62.0,221.0335429769392,0.11020265548567437,0.9748247362469156,2.549019607843137
10.1016/j.conbuildmat.2017.07.065::M2::CV1,10.1016/j.conbuildmat.2017.07.065::M2,10.1016/j.conbuildmat.2017.07.065,rest_time,4,62.0,255.44025157232704,0.008909853249475888,0.4783184376034417,1.1111111111111112
10.1016/j.conbuildmat.2017.07.065::M3::CV1,10.1016/j.conbuildmat.2017.07.065::M3,10.1016/j.conbuildmat.2017.07.065,rest_time,4,62.0,209.3039832285115,0.02162823200559052,0.9358514990535506,1.372093023255814
10.1016/j.conbuildmat.2017.07.065::M4::CV1,10.1016/j.conbuildmat.2017.07.065::M4,10.1016/j.conbuildmat.2017.07.065,rest_time,4,62.0,213.72955974842765,0.02190775681341719,0.8783337243205201,1.3571428571428572
10.1016/j.conbuildmat.2017.07.065::M5::CV1,10.1016/j.conbuildmat.2017.07.065::M5,10.1016/j.conbuildmat.2017.07.065,rest_time,4,62.0,196.4779874213837,0.012054507337526213,0.8755379013571665,1.2307692307692308
10.1016/j.conbuildmat.2017.07.065::M6::CV1,10.1016/j.conbuildmat.2017.07.065::M6,10.1016/j.conbuildmat.2017.07.065,rest_time,4,62.0,186.4779874213837,0.01205450733752621,0.8755379013571665,1.2432432432432432
10.1016/j.conbuildmat.2017.07.065::M7::CV1,10.1016/j.conbuildmat.2017.07.065::M7,10.1016/j.conbuildmat.2017.07.065,rest_time,4,62.0,267.7903563941299,0.1695667365478687,0.9407343497762863,3.188679245283019
10.1016/j.conbuildmat.2017.07.065::M8::CV1,10.1016/j.conbuildmat.2017.07.065::M8,10.1016/j.conbuildmat.2017.07.065,rest_time,4,62.0,317.2830188679245,0.12358490566037739,0.9828438703108594,2.298507462686567
10.1016/j.conbuildmat.2017.07.065::M9::CV1,10.1016/j.conbuildmat.2017.07.065::M9,10.1016/j.conbuildmat.2017.07.065,rest_time,4,62.0,203.98113207547172,0.01509433962264151,0.946561168594035,1.2682926829268293
10.1016/j.conbuildmat.2017.11.050::M10::CV1,10.1016/j.conbuildmat.2017.11.050::M10,10.1016/j.conbuildmat.2017.11.050,time_at_rest,8,120.0,-36.653571428571354,0.026726190476190462,0.9641661984435353,34.18
10.1016/j.conbuildmat.2017.11.050::M11::CV1,10.1016/j.conbuildmat.2017.11.050::M11,10.1016/j.conbuildmat.2017.11.050,time_at_rest,8,120.0,-44.35357142857132,0.031642857142857125,0.9640761136549716,40.28
10.1016/j.conbuildmat.2017.11.050::M12::CV1,10.1016/j.conbuildmat.2017.11.050::M12,10.1016/j.conbuildmat.2017.11.050,time_at_rest,7,105.0,-95.41428571428573,0.07146428571428572,0.963144829406366,48.5875
10.1016/j.conbuildmat.2017.11.050::M13::CV1,10.1016/j.conbuildmat.2017.11.050::M13,10.1016/j.conbuildmat.2017.11.050,time_at_rest,7,105.0,-103.31428571428573,0.07484126984126983,0.9631230413948961,80.74
10.1016/j.conbuildmat.2017.11.050::M14::CV1,10.1016/j.conbuildmat.2017.11.050::M14,10.1016/j.conbuildmat.2017.11.050,time_at_rest,6,90.0,-48.280000000000065,0.043660317460317476,0.9620433933963833,20.419999999999998
10.1016/j.conbuildmat.2017.11.050::M15::CV1,10.1016/j.conbuildmat.2017.11.050::M15,10.1016/j.conbuildmat.2017.11.050,time_at_rest,5,75.0,-105.71999999999993,0.10442222222222218,0.9607739885529157,17.936363636363637
10.1016/j.conbuildmat.2017.11.050::M1::CV1,10.1016/j.conbuildmat.2017.11.050::M1,10.1016/j.conbuildmat.2017.11.050,time_at_rest,8,120.0,-98.97142857142832,0.06987566137566133,0.9641040243853944,44.36
10.1016/j.conbuildmat.2017.11.050::M2::CV1,10.1016/j.conbuildmat.2017.11.050::M2,10.1016/j.conbuildmat.2017.11.050,time_at_rest,8,120.0,-85.14285714285698,0.05972354497354494,0.9641102503723219,47.325
10.1016/j.conbuildmat.2017.11.050::M3::CV1,10.1016/j.conbuildmat.2017.11.050::M3,10.1016/j.conbuildmat.2017.11.050,time_at_rest,8,120.0,-65.36785714285706,0.04703835978835977,0.9640607751712981,37.4875
10.1016/j.conbuildmat.2017.11.050::M4::CV1,10.1016/j.conbuildmat.2017.11.050::M4,10.1016/j.conbuildmat.2017.11.050,time_at_rest,7,105.0,-89.70000000000006,0.07028174603174604,0.963163617921228,32.199999999999996
10.1016/j.conbuildmat.2017.11.050::M5::CV1,10.1016/j.conbuildmat.2017.11.050::M5,10.1016/j.conbuildmat.2017.11.050,time_at_rest,7,105.0,-93.41428571428573,0.07146428571428572,0.963144829406366,39.07
10.1016/j.conbuildmat.2017.11.050::M6::CV1,10.1016/j.conbuildmat.2017.11.050::M6,10.1016/j.conbuildmat.2017.11.050,time_at_rest,8,120.0,-111.36071428571404,0.07782671957671952,0.9641031746264292,49.3
10.1016/j.conbuildmat.2017.11.050::M8::CV1,10.1016/j.conbuildmat.2017.11.050::M8,10.1016/j.conbuildmat.2017.11.050,time_at_rest,5,75.0,-87.22000000000001,0.10239999999999998,0.9608006672226855,10.61578947368421
10.1016/j.conbuildmat.2017.11.050::M9::CV1,10.1016/j.conbuildmat.2017.11.050::M9,10.1016/j.conbuildmat.2017.11.050,time_at_rest,8,120.0,-55.43571428571416,0.038752645502645476,0.9640919187872162,49.1
10.1016/j.conbuildmat.2018.11.050::M1::CV3,10.1016/j.conbuildmat.2018.11.050::M1,10.1016/j.conbuildmat.2018.11.050,rest_time,5,80.0,277.59999999999985,-0.02808333333333332,0.41161909042144496,0.5111731843575419
10.1016/j.conbuildmat.2018.11.050::M2::CV3,10.1016/j.conbuildmat.2018.11.050::M2,10.1016/j.conbuildmat.2018.11.050,rest_time,5,80.0,201.59999999999988,-0.012749999999999989,0.3633809375970194,0.6652892561983471
10.1016/j.conbuildmat.2018.11.050::M3::CV3,10.1016/j.conbuildmat.2018.11.050::M3,10.1016/j.conbuildmat.2018.11.050,rest_time,5,80.0,121.99999999999991,0.003750000000000009,0.9204545454545455,1.1666666666666667
10.1016/j.conbuildmat.2018.11.050::M4::CV3,10.1016/j.conbuildmat.2018.11.050::M4,10.1016/j.conbuildmat.2018.11.050,rest_time,5,80.0,54.399999999999984,-0.0007500000000000003,0.32142857142857173,0.9122807017543859
10.1016/j.conbuildmat.2020.119090::M1::CV1,10.1016/j.conbuildmat.2020.119090::M1,10.1016/j.conbuildmat.2020.119090,rest_time,8,45.0,160.89285714285677,0.16726190476190478,0.8446803427458895,3.3142857142857145
10.1016/j.conbuildmat.2020.119090::M2::CV1,10.1016/j.conbuildmat.2020.119090::M2,10.1016/j.conbuildmat.2020.119090,rest_time,8,45.0,159.90476190476184,0.19460317460317453,0.8398559968441339,3.595505617977528
10.1016/j.conbuildmat.2020.119090::M3::CV1,10.1016/j.conbuildmat.2020.119090::M3,10.1016/j.conbuildmat.2020.119090,rest_time,8,45.0,246.24999999999986,0.1666666666666666,0.8056008439627889,2.75
10.1016/j.conbuildmat.2020.119090::M4::CV1,10.1016/j.conbuildmat.2020.119090::M4,10.1016/j.conbuildmat.2020.119090,rest_time,8,45.0,266.24999999999966,0.16666666666666666,0.8124576844955992,2.6538461538461537
10.1016/j.conbuildmat.2022.128307::M1::CV5,10.1016/j.conbuildmat.2022.128307::M1,10.1016/j.conbuildmat.2022.128307,rest_time,4,180.0,-49.80000000000003,0.025194444444444446,0.6993322480415869,147.5
10.1016/j.conbuildmat.2022.128307::M1::CV6,10.1016/j.conbuildmat.2022.128307::M1,10.1016/j.conbuildmat.2022.128307,rest_time,5,240.0,-7.200000000000009,0.003194444444444446,0.7840289305193267,50.0
10.1016/j.conbuildmat.2022.128307::M2::CV7,10.1016/j.conbuildmat.2022.128307::M2,10.1016/j.conbuildmat.2022.128307,rest_time,5,240.0,-29.399999999999988,0.010805555555555556,0.749069362216106,168.0
10.1016/j.conbuildmat.2022.128307::M2::CV8,10.1016/j.conbuildmat.2022.128307::M2,10.1016/j.conbuildmat.2022.128307,rest_time,5,240.0,-3.600000000000002,0.0015833333333333335,0.6262528912875868,28.0
10.1016/j.conbuildmat.2023.130313::M1::CV1,10.1016/j.conbuildmat.2023.130313::M1,10.1016/j.conbuildmat.2023.130313,time_since_extrusion,4,5.833333333333333,595.6986432784214,0.9172424506369574,0.9210980871250086,1.6553433712816745
10.1016/j.conbuildmat.2023.130313::M2::CV1,10.1016/j.conbuildmat.2023.130313::M2,10.1016/j.conbuildmat.2023.130313,time_since_extrusion,4,5.833333333333333,677.3968280303136,1.093224414043278,0.8741941156221402,1.6991092048828769
10.1016/j.conbuildmat.2023.130313::M3::CV1,10.1016/j.conbuildmat.2023.130313::M3,10.1016/j.conbuildmat.2023.130313,time_since_extrusion,4,5.833333333333333,790.4198495631734,1.4775670957264284,0.8175032057298923,1.8294005569397627
10.1016/j.conbuildmat.2023.131959::M1::CV1,10.1016/j.conbuildmat.2023.131959::M1,10.1016/j.conbuildmat.2023.131959,rest_time,5,75.0,-5.999999999999963,0.5488888888888886,0.959442033088004,7.424242424242424
10.1016/j.conbuildmat.2023.131959::M2::CV1,10.1016/j.conbuildmat.2023.131959::M2,10.1016/j.conbuildmat.2023.131959,rest_time,4,60.0,-1289.9999999999995,1.5522222222222228,0.9697845623293405,14.838709677419354
10.1016/j.conbuildmat.2023.131959::M3::CV1,10.1016/j.conbuildmat.2023.131959::M3,10.1016/j.conbuildmat.2023.131959,rest_time,5,75.0,59.000000000000085,0.6433333333333331,0.9520321924732771,7.368421052631579
10.1016/j.conbuildmat.2023.131959::M4::CV1,10.1016/j.conbuildmat.2023.131959::M4,10.1016/j.conbuildmat.2023.131959,rest_time,5,75.0,-1090.999999999999,1.2988888888888885,0.9612756504587749,15.757575757575758
10.1016/j.conbuildmat.2023.131959::M5::CV1,10.1016/j.conbuildmat.2023.131959::M5,10.1016/j.conbuildmat.2023.131959,rest_time,3,45.0,-2513.3333333333344,3.1166666666666676,0.9852231604342582,12.448979591836734
10.1016/j.conbuildmat.2023.131959::M6::CV1,10.1016/j.conbuildmat.2023.131959::M6,10.1016/j.conbuildmat.2023.131959,rest_time,5,75.0,211.00000000000028,0.7011111111111108,0.8973006228985063,7.380952380952381
10.1016/j.conbuildmat.2024.138126::M1::CV4,10.1016/j.conbuildmat.2024.138126::M1,10.1016/j.conbuildmat.2024.138126,rest_time,5,20.0,291.9999999999999,0.2133333333333334,0.8770877944325483,1.859375
10.1016/j.conbuildmat.2024.138126::M2::CV4,10.1016/j.conbuildmat.2024.138126::M2,10.1016/j.conbuildmat.2024.138126,rest_time,5,20.0,305.9999999999998,0.43000000000000027,0.9724754558204768,2.4328358208955225
10.1016/j.conbuildmat.2024.138126::M3::CV4,10.1016/j.conbuildmat.2024.138126::M3,10.1016/j.conbuildmat.2024.138126,rest_time,5,20.0,211.99999999999974,0.7983333333333338,0.9164882483582852,4.278688524590164
10.1016/j.conbuildmat.2024.138126::M4::CV4,10.1016/j.conbuildmat.2024.138126::M4,10.1016/j.conbuildmat.2024.138126,rest_time,5,20.0,316.00000000000006,0.9350000000000005,0.9023688828231624,4.10126582278481
10.1016/j.conbuildmat.2024.138126::M5::CV3,10.1016/j.conbuildmat.2024.138126::M5,10.1016/j.conbuildmat.2024.138126,rest_time,5,20.0,118.59999999999995,0.17966666666666675,0.9726440614412171,2.816
10.1016/j.conbuildmat.2024.138126::M6::CV3,10.1016/j.conbuildmat.2024.138126::M6,10.1016/j.conbuildmat.2024.138126,rest_time,5,20.0,226.4,0.25333333333333347,0.9912612495108909,2.400900900900901
10.1016/j.conbuildmat.2024.138126::M7::CV3,10.1016/j.conbuildmat.2024.138126::M7,10.1016/j.conbuildmat.2024.138126,rest_time,5,20.0,120.59999999999991,0.21333333333333346,0.9796886809601715,3.0384615384615383
10.1016/j.conbuildmat.2024.138126::M8::CV3,10.1016/j.conbuildmat.2024.138126::M8,10.1016/j.conbuildmat.2024.138126,rest_time,5,20.0,388.39999999999975,0.3460000000000001,0.9207663909208997,2.092233009708738
10.1016/j.conbuildmat.2024.138126::M9::CV3,10.1016/j.conbuildmat.2024.138126::M9,10.1016/j.conbuildmat.2024.138126,rest_time,5,20.0,149.79999999999998,0.19933333333333342,0.9730932918267609,2.5822784810126582
10.1016/j.conbuildmat.2025.143596::M1::CV1,10.1016/j.conbuildmat.2025.143596::M1,10.1016/j.conbuildmat.2025.143596,time,6,90.0,93.33333333333191,1.093650793650794,0.9376517172666314,10.148148148148149
10.1016/j.conbuildmat.2025.143596::M2::CV1,10.1016/j.conbuildmat.2025.143596::M2,10.1016/j.conbuildmat.2025.143596,time,6,90.0,284.6666666666655,0.7831746031746034,0.9913265354599831,4.9772727272727275
10.1016/j.conbuildmat.2025.143596::M3::CV1,10.1016/j.conbuildmat.2025.143596::M3,10.1016/j.conbuildmat.2025.143596,time,4,60.0,490.00000000000074,1.582222222222223,0.9939298878519333,3.3060109289617485
10.1016/j.cscm.2023.e02419::M1::CV1,10.1016/j.cscm.2023.e02419::M1,10.1016/j.cscm.2023.e02419,resting_time,6,120.0,328.00000000000006,0.21119047619047615,0.8246492639390397,2.675
10.1016/j.cscm.2023.e02419::M2::CV1,10.1016/j.cscm.2023.e02419::M2,10.1016/j.cscm.2023.e02419,resting_time,6,120.0,-8.000000000000165,0.11023809523809526,0.7906065020560955,3.88
10.1016/j.cscm.2023.e02419::M3::CV1,10.1016/j.cscm.2023.e02419::M3,10.1016/j.cscm.2023.e02419,resting_time,5,100.0,2144.9999999999973,0.6191666666666675,0.9418509823725715,1.8585526315789473
10.1016/j.cscm.2023.e02419::M4::CV1,10.1016/j.cscm.2023.e02419::M4,10.1016/j.cscm.2023.e02419,resting_time,6,120.0,73.99999999999898,0.45500000000000007,0.9103890551517743,3.77
10.3390/ma14113037::M1::CV1,10.3390/ma14113037::M1,10.3390/ma14113037,resting_time,3,60.0,28.03333333333334,0.006111111111111116,0.38461130947966193,2.1
10.3390/ma14113037::M2::CV1,10.3390/ma14113037::M2,10.3390/ma14113037,resting_time,3,60.0,62.499999999999915,0.13472222222222227,0.9996812579685508,8.461538461538462
10.3390/ma14113037::M3::CV1,10.3390/ma14113037::M3,10.3390/ma14113037,resting_time,3,60.0,35.333333333333336,0.010555555555555558,0.8088125466766244,2.2666666666666666
10.3390/ma14113037::M4::CV1,10.3390/ma14113037::M4,10.3390/ma14113037,resting_time,3,60.0,95.83333333333317,0.3902777777777779,0.9999957785245099,15.789473684210526
